"DateTime","windcode","open","high","low","close","volume","amount","change","pctchange","begintime","endtime"
2019-05-22 09:30:00,000048.SZ,19.1,19.1,19.02,19.02,700,13346,0.02,0.001053,201905220930.951996,201905220930.951996
2019-05-22 09:31:00,000048.SZ,19.08,19.08,19.02,19.02,3100,59096,0,0,201905220931.951996,201905220931.951996
2019-05-22 09:32:00,000048.SZ,19.05,19.05,19.02,19.02,1100,20934,0,0,201905220932.951996,201905220932.951996
2019-05-22 09:33:00,000048.SZ,19.05,19.08,19.02,19.08,7500,142816,0.06,0.003155,201905220933.951996,201905220933.951996
2019-05-22 09:34:00,000048.SZ,19,19,19,19,3600,68400,-0.08,-0.004193,201905220934.951996,201905220934.951996
2019-05-22 09:35:00,000048.SZ,19.08,19.08,18.98,18.98,4000,75998,-0.02,-0.001053,201905220935.951996,201905220935.951996
2019-05-22 09:36:00,000048.SZ,18.98,18.98,18.92,18.92,700,13262,-0.06,-0.003161,201905220936.951996,201905220936.951996
2019-05-22 09:37:00,000048.SZ,18.92,18.92,18.92,18.92,2200,41635,0,0,201905220937.951996,201905220937.951996
2019-05-22 09:38:00,000048.SZ,18.92,19.07,18.92,19.07,2900,55104,0.15,0.007928,201905220938.951996,201905220938.951996
2019-05-22 09:39:00,000048.SZ,19.06,19.08,19.06,19.08,9800,186947,0.01,0.000524,201905220939.951996,201905220939.951996
2019-05-22 09:40:00,000048.SZ,19.08,19.08,19.08,19.08,2000,38160,0,0,201905220940.951996,201905220940.951996
2019-05-22 09:41:00,000048.SZ,NaN,NaN,NaN,NaN,0,0,0,0,197001010000,197001010000
2019-05-22 09:42:00,000048.SZ,19.07,19.07,19.07,19.07,2900,55293,-0.01,-0.000524,201905220942.951996,201905220942.951996
2019-05-22 09:43:00,000048.SZ,NaN,NaN,NaN,NaN,0,0,0,0,197001010000,197001010000
2019-05-22 09:44:00,000048.SZ,19.08,19.08,19.08,19.08,1000,19078,0.01,0.000524,201905220944.951996,201905220944.951996
2019-05-22 09:45:00,000048.SZ,NaN,NaN,NaN,NaN,0,0,0,0,197001010000,197001010000
2019-05-22 09:46:00,000048.SZ,19.08,19.08,19.08,19.08,9900,188892,0,0,201905220946.951996,201905220946.951996
2019-05-22 09:47:00,000048.SZ,19.07,19.07,19.01,19.01,300,5715,-0.07,-0.003669,201905220947.951996,201905220947.951996
2019-05-22 09:48:00,000048.SZ,19.07,19.07,19.07,19.07,2000,38140,0.06,0.003156,201905220948.951996,201905220948.951996
2019-05-22 09:49:00,000048.SZ,NaN,NaN,NaN,NaN,0,0,0,0,197001010000,197001010000
2019-05-22 09:50:00,000048.SZ,19,19,19,19,5300,100772,-0.07,-0.003671,201905220950.951996,201905220950.951996
2019-05-22 09:51:00,000048.SZ,NaN,NaN,NaN,NaN,0,0,0,0,197001010000,197001010000
2019-05-22 09:52:00,000048.SZ,19,19,19,19,2400,45600,0,0,201905220952.951996,201905220952.951996
2019-05-22 09:53:00,000048.SZ,19,19,19,19,1800,34200,0,0,201905220953.951996,201905220953.951996
2019-05-22 09:54:00,000048.SZ,NaN,NaN,NaN,NaN,0,0,0,0,197001010000,197001010000
2019-05-22 09:55:00,000048.SZ,NaN,NaN,NaN,NaN,0,0,0,0,197001010000,197001010000
2019-05-22 09:56:00,000048.SZ,NaN,NaN,NaN,NaN,0,0,0,0,197001010000,197001010000
2019-05-22 09:57:00,000048.SZ,NaN,NaN,NaN,NaN,0,0,0,0,197001010000,197001010000
2019-05-22 09:58:00,000048.SZ,NaN,NaN,NaN,NaN,0,0,0,0,197001010000,197001010000
2019-05-22 09:59:00,000048.SZ,19,19,19,19,5000,95000,0,0,201905220959.951996,201905220959.951996
2019-05-22 10:00:00,000048.SZ,19,19,19,19,200,3800,0,0,201905221000.951996,201905221000.951996
2019-05-22 10:01:00,000048.SZ,18.97,18.97,18.97,18.97,1300,24668,-0.03,-0.001579,201905221001.951996,201905221001.951996
2019-05-22 10:02:00,000048.SZ,NaN,NaN,NaN,NaN,0,0,0,0,197001010000,197001010000
2019-05-22 10:03:00,000048.SZ,18.97,18.97,18.97,18.97,400,7588,0,0,201905221003.951996,201905221003.951996
2019-05-22 10:04:00,000048.SZ,NaN,NaN,NaN,NaN,0,0,0,0,197001010000,197001010000
2019-05-22 10:05:00,000048.SZ,19,19,19,19,100,1900,0.03,0.001581,201905221005.951996,201905221005.951996
2019-05-22 10:06:00,000048.SZ,19,19,19,19,500,9500,0,0,201905221006.951996,201905221006.951996
2019-05-22 10:07:00,000048.SZ,NaN,NaN,NaN,NaN,0,0,0,0,197001010000,197001010000
2019-05-22 10:08:00,000048.SZ,19.08,19.08,19.08,19.08,3000,57215,0.08,0.00421,201905221008.951996,201905221008.951996
2019-05-22 10:09:00,000048.SZ,NaN,NaN,NaN,NaN,0,0,0,0,197001010000,197001010000
2019-05-22 10:10:00,000048.SZ,NaN,NaN,NaN,NaN,0,0,0,0,197001010000,197001010000
2019-05-22 10:11:00,000048.SZ,NaN,NaN,NaN,NaN,0,0,0,0,197001010000,197001010000
2019-05-22 10:12:00,000048.SZ,NaN,NaN,NaN,NaN,0,0,0,0,197001010000,197001010000
2019-05-22 10:13:00,000048.SZ,NaN,NaN,NaN,NaN,0,0,0,0,197001010000,197001010000
2019-05-22 10:14:00,000048.SZ,NaN,NaN,NaN,NaN,0,0,0,0,197001010000,197001010000
2019-05-22 10:15:00,000048.SZ,NaN,NaN,NaN,NaN,0,0,0,0,197001010000,197001010000
2019-05-22 10:16:00,000048.SZ,NaN,NaN,NaN,NaN,0,0,0,0,197001010000,197001010000
2019-05-22 10:17:00,000048.SZ,19.08,19.08,19.08,19.08,100,1908,0,0,201905221017.951996,201905221017.951996
2019-05-22 10:18:00,000048.SZ,NaN,NaN,NaN,NaN,0,0,0,0,197001010000,197001010000
2019-05-22 10:19:00,000048.SZ,NaN,NaN,NaN,NaN,0,0,0,0,197001010000,197001010000
2019-05-22 10:20:00,000048.SZ,NaN,NaN,NaN,NaN,0,0,0,0,197001010000,197001010000
2019-05-22 10:21:00,000048.SZ,NaN,NaN,NaN,NaN,0,0,0,0,197001010000,197001010000
2019-05-22 10:22:00,000048.SZ,19.08,19.08,19.08,19.08,100,1908,0,0,201905221022.951996,201905221022.951996
2019-05-22 10:23:00,000048.SZ,19.08,19.1,19.08,19.1,1200,22908,0.02,0.001048,201905221023.951996,201905221023.951996
2019-05-22 10:24:00,000048.SZ,19.1,19.1,19.1,19.1,400,7640,0,0,201905221024.951996,201905221024.951996
2019-05-22 10:25:00,000048.SZ,NaN,NaN,NaN,NaN,0,0,0,0,197001010000,197001010000
2019-05-22 10:26:00,000048.SZ,19.12,19.12,19.12,19.12,400,7648,0.02,0.001047,201905221026.951996,201905221026.951996
2019-05-22 10:27:00,000048.SZ,NaN,NaN,NaN,NaN,0,0,0,0,197001010000,197001010000
2019-05-22 10:28:00,000048.SZ,19.12,19.12,19.12,19.12,200,3824,0,0,201905221028.951996,201905221028.951996
2019-05-22 10:29:00,000048.SZ,NaN,NaN,NaN,NaN,0,0,0,0,197001010000,197001010000
2019-05-22 10:30:00,000048.SZ,NaN,NaN,NaN,NaN,0,0,0,0,197001010000,197001010000
2019-05-22 10:31:00,000048.SZ,NaN,NaN,NaN,NaN,0,0,0,0,197001010000,197001010000
2019-05-22 10:32:00,000048.SZ,NaN,NaN,NaN,NaN,0,0,0,0,197001010000,197001010000
2019-05-22 10:33:00,000048.SZ,NaN,NaN,NaN,NaN,0,0,0,0,197001010000,197001010000
2019-05-22 10:34:00,000048.SZ,19.02,19.02,19.02,19.02,6000,114120,-0.1,-0.00523,201905221034.951996,201905221034.951996
2019-05-22 10:35:00,000048.SZ,NaN,NaN,NaN,NaN,0,0,0,0,197001010000,197001010000
2019-05-22 10:36:00,000048.SZ,19,19,19,19,7200,136804,-0.02,-0.001051,201905221036.951996,201905221036.951996
2019-05-22 10:37:00,000048.SZ,NaN,NaN,NaN,NaN,0,0,0,0,197001010000,197001010000
2019-05-22 10:38:00,000048.SZ,NaN,NaN,NaN,NaN,0,0,0,0,197001010000,197001010000
2019-05-22 10:39:00,000048.SZ,NaN,NaN,NaN,NaN,0,0,0,0,197001010000,197001010000
2019-05-22 10:40:00,000048.SZ,19.06,19.06,19.06,19.06,100,1906,0.06,0.003158,201905221040.951996,201905221040.951996
2019-05-22 10:41:00,000048.SZ,NaN,NaN,NaN,NaN,0,0,0,0,197001010000,197001010000
2019-05-22 10:42:00,000048.SZ,NaN,NaN,NaN,NaN,0,0,0,0,197001010000,197001010000
2019-05-22 10:43:00,000048.SZ,19.1,19.1,19.1,19.1,5000,95457,0.04,0.002099,201905221043.951996,201905221043.951996
2019-05-22 10:44:00,000048.SZ,19.1,19.1,19.1,19.1,600,11460,0,0,201905221044.951996,201905221044.951996
2019-05-22 10:45:00,000048.SZ,19.1,19.1,19.1,19.1,4900,93590,0,0,201905221045.951996,201905221045.951996
2019-05-22 10:46:00,000048.SZ,NaN,NaN,NaN,NaN,0,0,0,0,197001010000,197001010000
2019-05-22 10:47:00,000048.SZ,NaN,NaN,NaN,NaN,0,0,0,0,197001010000,197001010000
2019-05-22 10:48:00,000048.SZ,NaN,NaN,NaN,NaN,0,0,0,0,197001010000,197001010000
2019-05-22 10:49:00,000048.SZ,NaN,NaN,NaN,NaN,0,0,0,0,197001010000,197001010000
2019-05-22 10:50:00,000048.SZ,19.09,19.09,19.09,19.09,200,3818,-0.01,-0.000524,201905221050.951996,201905221050.951996
2019-05-22 10:51:00,000048.SZ,19.09,19.09,19.09,19.09,900,17181,0,0,201905221051.951996,201905221051.951996
2019-05-22 10:52:00,000048.SZ,NaN,NaN,NaN,NaN,0,0,0,0,197001010000,197001010000
2019-05-22 10:53:00,000048.SZ,19.09,19.09,19.09,19.09,200,3818,0,0,201905221053.951996,201905221053.951996
2019-05-22 10:54:00,000048.SZ,NaN,NaN,NaN,NaN,0,0,0,0,197001010000,197001010000
2019-05-22 10:55:00,000048.SZ,NaN,NaN,NaN,NaN,0,0,0,0,197001010000,197001010000
2019-05-22 10:56:00,000048.SZ,NaN,NaN,NaN,NaN,0,0,0,0,197001010000,197001010000
2019-05-22 10:57:00,000048.SZ,NaN,NaN,NaN,NaN,0,0,0,0,197001010000,197001010000
2019-05-22 10:58:00,000048.SZ,NaN,NaN,NaN,NaN,0,0,0,0,197001010000,197001010000
2019-05-22 10:59:00,000048.SZ,NaN,NaN,NaN,NaN,0,0,0,0,197001010000,197001010000
2019-05-22 11:00:00,000048.SZ,19.1,19.1,19.1,19.1,200,3820,0.01,0.000524,201905221100.951996,201905221100.951996
2019-05-22 11:01:00,000048.SZ,19.1,19.1,19,19,11700,222562,-0.1,-0.005236,201905221101.951996,201905221101.951996
2019-05-22 11:02:00,000048.SZ,19.1,19.1,19.1,19.1,2000,38200,0.1,0.005263,201905221102.951996,201905221102.951996
2019-05-22 11:03:00,000048.SZ,NaN,NaN,NaN,NaN,0,0,0,0,197001010000,197001010000
2019-05-22 11:04:00,000048.SZ,19.01,19.01,19.01,19.01,700,13307,-0.09,-0.004712,201905221104.951996,201905221104.951996
2019-05-22 11:05:00,000048.SZ,19.1,19.1,19.01,19.01,1300,24803,0,0,201905221105.951996,201905221105.951996
2019-05-22 11:06:00,000048.SZ,NaN,NaN,NaN,NaN,0,0,0,0,197001010000,197001010000
2019-05-22 11:07:00,000048.SZ,NaN,NaN,NaN,NaN,0,0,0,0,197001010000,197001010000
2019-05-22 11:08:00,000048.SZ,19.01,19.01,19.01,19.01,6100,116061,0,0,201905221108.951996,201905221108.951996
2019-05-22 11:09:00,000048.SZ,NaN,NaN,NaN,NaN,0,0,0,0,197001010000,197001010000
2019-05-22 11:10:00,000048.SZ,19,19,19,19,1400,26600,-0.01,-0.000526,201905221110.951996,201905221110.951996
2019-05-22 11:11:00,000048.SZ,NaN,NaN,NaN,NaN,0,0,0,0,197001010000,197001010000
2019-05-22 11:12:00,000048.SZ,NaN,NaN,NaN,NaN,0,0,0,0,197001010000,197001010000
2019-05-22 11:13:00,000048.SZ,19.11,19.11,19.11,19.11,300,5733,0.11,0.00579,201905221113.951996,201905221113.951996
2019-05-22 11:14:00,000048.SZ,NaN,NaN,NaN,NaN,0,0,0,0,197001010000,197001010000
2019-05-22 11:15:00,000048.SZ,NaN,NaN,NaN,NaN,0,0,0,0,197001010000,197001010000
2019-05-22 11:16:00,000048.SZ,NaN,NaN,NaN,NaN,0,0,0,0,197001010000,197001010000
2019-05-22 11:17:00,000048.SZ,NaN,NaN,NaN,NaN,0,0,0,0,197001010000,197001010000
2019-05-22 11:18:00,000048.SZ,NaN,NaN,NaN,NaN,0,0,0,0,197001010000,197001010000
2019-05-22 11:19:00,000048.SZ,NaN,NaN,NaN,NaN,0,0,0,0,197001010000,197001010000
2019-05-22 11:20:00,000048.SZ,NaN,NaN,NaN,NaN,0,0,0,0,197001010000,197001010000
2019-05-22 11:21:00,000048.SZ,NaN,NaN,NaN,NaN,0,0,0,0,197001010000,197001010000
2019-05-22 11:22:00,000048.SZ,NaN,NaN,NaN,NaN,0,0,0,0,197001010000,197001010000
2019-05-22 11:23:00,000048.SZ,NaN,NaN,NaN,NaN,0,0,0,0,197001010000,197001010000
2019-05-22 11:24:00,000048.SZ,NaN,NaN,NaN,NaN,0,0,0,0,197001010000,197001010000
2019-05-22 11:25:00,000048.SZ,NaN,NaN,NaN,NaN,0,0,0,0,197001010000,197001010000
2019-05-22 11:26:00,000048.SZ,NaN,NaN,NaN,NaN,0,0,0,0,197001010000,197001010000
2019-05-22 11:27:00,000048.SZ,19.1,19.1,19.1,19.1,900,17190,-0.01,-0.000523,201905221127.951996,201905221127.951996
2019-05-22 11:28:00,000048.SZ,NaN,NaN,NaN,NaN,0,0,0,0,197001010000,197001010000
2019-05-22 11:29:00,000048.SZ,NaN,NaN,NaN,NaN,0,0,0,0,197001010000,197001010000
2019-05-22 11:30:00,000048.SZ,NaN,NaN,NaN,NaN,0,0,0,0,197001010000,197001010000
2019-05-22 13:00:00,000048.SZ,19.07,19.07,19.07,19.07,2500,47695,-0.03,-0.001571,201905221300.951996,201905221300.951996
2019-05-22 13:01:00,000048.SZ,NaN,NaN,NaN,NaN,0,0,0,0,197001010000,197001010000
2019-05-22 13:02:00,000048.SZ,NaN,NaN,NaN,NaN,0,0,0,0,197001010000,197001010000
2019-05-22 13:03:00,000048.SZ,NaN,NaN,NaN,NaN,0,0,0,0,197001010000,197001010000
2019-05-22 13:04:00,000048.SZ,19.08,19.08,19.08,19.08,4900,93492,0.01,0.000524,201905221304.951996,201905221304.951996
2019-05-22 13:05:00,000048.SZ,NaN,NaN,NaN,NaN,0,0,0,0,197001010000,197001010000
2019-05-22 13:06:00,000048.SZ,NaN,NaN,NaN,NaN,0,0,0,0,197001010000,197001010000
2019-05-22 13:07:00,000048.SZ,NaN,NaN,NaN,NaN,0,0,0,0,197001010000,197001010000
2019-05-22 13:08:00,000048.SZ,NaN,NaN,NaN,NaN,0,0,0,0,197001010000,197001010000
2019-05-22 13:09:00,000048.SZ,NaN,NaN,NaN,NaN,0,0,0,0,197001010000,197001010000
2019-05-22 13:10:00,000048.SZ,NaN,NaN,NaN,NaN,0,0,0,0,197001010000,197001010000
2019-05-22 13:11:00,000048.SZ,NaN,NaN,NaN,NaN,0,0,0,0,197001010000,197001010000
2019-05-22 13:12:00,000048.SZ,NaN,NaN,NaN,NaN,0,0,0,0,197001010000,197001010000
2019-05-22 13:13:00,000048.SZ,NaN,NaN,NaN,NaN,0,0,0,0,197001010000,197001010000
2019-05-22 13:14:00,000048.SZ,NaN,NaN,NaN,NaN,0,0,0,0,197001010000,197001010000
2019-05-22 13:15:00,000048.SZ,NaN,NaN,NaN,NaN,0,0,0,0,197001010000,197001010000
2019-05-22 13:16:00,000048.SZ,NaN,NaN,NaN,NaN,0,0,0,0,197001010000,197001010000
2019-05-22 13:17:00,000048.SZ,NaN,NaN,NaN,NaN,0,0,0,0,197001010000,197001010000
2019-05-22 13:18:00,000048.SZ,19.08,19.08,19.07,19.07,300,5722,-0.01,-0.000524,201905221318.951996,201905221318.951996
2019-05-22 13:19:00,000048.SZ,NaN,NaN,NaN,NaN,0,0,0,0,197001010000,197001010000
2019-05-22 13:20:00,000048.SZ,NaN,NaN,NaN,NaN,0,0,0,0,197001010000,197001010000
2019-05-22 13:21:00,000048.SZ,19.05,19.05,19.05,19.05,700,13335,-0.02,-0.001049,201905221321.951996,201905221321.951996
2019-05-22 13:22:00,000048.SZ,19.05,19.05,19.05,19.05,1300,24765,0,0,201905221322.951996,201905221322.951996
2019-05-22 13:23:00,000048.SZ,NaN,NaN,NaN,NaN,0,0,0,0,197001010000,197001010000
2019-05-22 13:24:00,000048.SZ,NaN,NaN,NaN,NaN,0,0,0,0,197001010000,197001010000
2019-05-22 13:25:00,000048.SZ,19.03,19.03,19.03,19.03,2200,41866,-0.02,-0.00105,201905221325.951996,201905221325.951996
2019-05-22 13:26:00,000048.SZ,NaN,NaN,NaN,NaN,0,0,0,0,197001010000,197001010000
2019-05-22 13:27:00,000048.SZ,NaN,NaN,NaN,NaN,0,0,0,0,197001010000,197001010000
2019-05-22 13:28:00,000048.SZ,NaN,NaN,NaN,NaN,0,0,0,0,197001010000,197001010000
2019-05-22 13:29:00,000048.SZ,NaN,NaN,NaN,NaN,0,0,0,0,197001010000,197001010000
2019-05-22 13:30:00,000048.SZ,NaN,NaN,NaN,NaN,0,0,0,0,197001010000,197001010000
2019-05-22 13:31:00,000048.SZ,NaN,NaN,NaN,NaN,0,0,0,0,197001010000,197001010000
2019-05-22 13:32:00,000048.SZ,NaN,NaN,NaN,NaN,0,0,0,0,197001010000,197001010000
2019-05-22 13:33:00,000048.SZ,NaN,NaN,NaN,NaN,0,0,0,0,197001010000,197001010000
2019-05-22 13:34:00,000048.SZ,NaN,NaN,NaN,NaN,0,0,0,0,197001010000,197001010000
2019-05-22 13:35:00,000048.SZ,NaN,NaN,NaN,NaN,0,0,0,0,197001010000,197001010000
2019-05-22 13:36:00,000048.SZ,NaN,NaN,NaN,NaN,0,0,0,0,197001010000,197001010000
2019-05-22 13:37:00,000048.SZ,NaN,NaN,NaN,NaN,0,0,0,0,197001010000,197001010000
2019-05-22 13:38:00,000048.SZ,NaN,NaN,NaN,NaN,0,0,0,0,197001010000,197001010000
2019-05-22 13:39:00,000048.SZ,NaN,NaN,NaN,NaN,0,0,0,0,197001010000,197001010000
2019-05-22 13:40:00,000048.SZ,NaN,NaN,NaN,NaN,0,0,0,0,197001010000,197001010000
2019-05-22 13:41:00,000048.SZ,NaN,NaN,NaN,NaN,0,0,0,0,197001010000,197001010000
2019-05-22 13:42:00,000048.SZ,19.03,19.03,19.03,19.03,1100,20933,0,0,201905221342.951996,201905221342.951996
2019-05-22 13:43:00,000048.SZ,19.03,19.03,19.03,19.03,1700,32351,0,0,201905221343.951996,201905221343.951996
2019-05-22 13:44:00,000048.SZ,NaN,NaN,NaN,NaN,0,0,0,0,197001010000,197001010000
2019-05-22 13:45:00,000048.SZ,19.02,19.02,19.02,19.02,2300,43746,-0.01,-0.000526,201905221345.951996,201905221345.951996
2019-05-22 13:46:00,000048.SZ,19,19,19,19,1000,19000,-0.02,-0.001051,201905221346.951996,201905221346.951996
2019-05-22 13:47:00,000048.SZ,19,19,19,19,600,11400,0,0,201905221347.951996,201905221347.951996
2019-05-22 13:48:00,000048.SZ,NaN,NaN,NaN,NaN,0,0,0,0,197001010000,197001010000
2019-05-22 13:49:00,000048.SZ,NaN,NaN,NaN,NaN,0,0,0,0,197001010000,197001010000
2019-05-22 13:50:00,000048.SZ,NaN,NaN,NaN,NaN,0,0,0,0,197001010000,197001010000
2019-05-22 13:51:00,000048.SZ,NaN,NaN,NaN,NaN,0,0,0,0,197001010000,197001010000
2019-05-22 13:52:00,000048.SZ,NaN,NaN,NaN,NaN,0,0,0,0,197001010000,197001010000
2019-05-22 13:53:00,000048.SZ,NaN,NaN,NaN,NaN,0,0,0,0,197001010000,197001010000
2019-05-22 13:54:00,000048.SZ,NaN,NaN,NaN,NaN,0,0,0,0,197001010000,197001010000
2019-05-22 13:55:00,000048.SZ,NaN,NaN,NaN,NaN,0,0,0,0,197001010000,197001010000
2019-05-22 13:56:00,000048.SZ,NaN,NaN,NaN,NaN,0,0,0,0,197001010000,197001010000
2019-05-22 13:57:00,000048.SZ,NaN,NaN,NaN,NaN,0,0,0,0,197001010000,197001010000
2019-05-22 13:58:00,000048.SZ,NaN,NaN,NaN,NaN,0,0,0,0,197001010000,197001010000
2019-05-22 13:59:00,000048.SZ,NaN,NaN,NaN,NaN,0,0,0,0,197001010000,197001010000
2019-05-22 14:00:00,000048.SZ,19.01,19.01,19.01,19.01,600,11406,0.01,0.000526,201905221400.951996,201905221400.951996
2019-05-22 14:01:00,000048.SZ,19.06,19.06,19.06,19.06,1000,19060,0.05,0.00263,201905221401.951996,201905221401.951996
2019-05-22 14:02:00,000048.SZ,19.01,19.01,19.01,19.01,5000,95050,-0.05,-0.002623,201905221402.951996,201905221402.951996
2019-05-22 14:03:00,000048.SZ,NaN,NaN,NaN,NaN,0,0,0,0,197001010000,197001010000
2019-05-22 14:04:00,000048.SZ,19.01,19.01,19.01,19.01,200,3802,0,0,201905221404.951996,201905221404.951996
2019-05-22 14:05:00,000048.SZ,NaN,NaN,NaN,NaN,0,0,0,0,197001010000,197001010000
2019-05-22 14:06:00,000048.SZ,19.06,19.06,19.01,19.01,5400,102919,0,0,201905221406.951996,201905221406.951996
2019-05-22 14:07:00,000048.SZ,NaN,NaN,NaN,NaN,0,0,0,0,197001010000,197001010000
2019-05-22 14:08:00,000048.SZ,19.07,19.07,19.07,19.07,100,1907,0.06,0.003156,201905221408.951996,201905221408.951996
2019-05-22 14:09:00,000048.SZ,19.01,19.01,19,19,1300,24712,-0.07,-0.003671,201905221409.951996,201905221409.951996
2019-05-22 14:10:00,000048.SZ,19,19,19,19,200,3800,0,0,201905221410.951996,201905221410.951996
2019-05-22 14:11:00,000048.SZ,19.01,19.01,19.01,19.01,100,1901,0.01,0.000526,201905221411.951996,201905221411.951996
2019-05-22 14:12:00,000048.SZ,19.01,19.01,19.01,19.01,700,13307,0,0,201905221412.951996,201905221412.951996
2019-05-22 14:13:00,000048.SZ,NaN,NaN,NaN,NaN,0,0,0,0,197001010000,197001010000
2019-05-22 14:14:00,000048.SZ,NaN,NaN,NaN,NaN,0,0,0,0,197001010000,197001010000
2019-05-22 14:15:00,000048.SZ,NaN,NaN,NaN,NaN,0,0,0,0,197001010000,197001010000
2019-05-22 14:16:00,000048.SZ,19.07,19.07,19.07,19.07,200,3814,0.06,0.003156,201905221416.951996,201905221416.951996
2019-05-22 14:17:00,000048.SZ,NaN,NaN,NaN,NaN,0,0,0,0,197001010000,197001010000
2019-05-22 14:18:00,000048.SZ,19.01,19.01,19.01,19.01,1000,19010,-0.06,-0.003146,201905221418.951996,201905221418.951996
2019-05-22 14:19:00,000048.SZ,NaN,NaN,NaN,NaN,0,0,0,0,197001010000,197001010000
2019-05-22 14:20:00,000048.SZ,19,19,19,19,18500,351598,-0.01,-0.000526,201905221420.951996,201905221420.951996
2019-05-22 14:21:00,000048.SZ,19,19,19,19,1500,28500,0,0,201905221421.951996,201905221421.951996
2019-05-22 14:22:00,000048.SZ,19,19,19,19,1900,36100,0,0,201905221422.951996,201905221422.951996
2019-05-22 14:23:00,000048.SZ,NaN,NaN,NaN,NaN,0,0,0,0,197001010000,197001010000
2019-05-22 14:24:00,000048.SZ,19.01,19.01,19.01,19.01,2000,38020,0.01,0.000526,201905221424.951996,201905221424.951996
2019-05-22 14:25:00,000048.SZ,19.01,19.01,19.01,19.01,1000,19010,0,0,201905221425.951996,201905221425.951996
2019-05-22 14:26:00,000048.SZ,NaN,NaN,NaN,NaN,0,0,0,0,197001010000,197001010000
2019-05-22 14:27:00,000048.SZ,NaN,NaN,NaN,NaN,0,0,0,0,197001010000,197001010000
2019-05-22 14:28:00,000048.SZ,19.04,19.04,19.04,19.04,400,7616,0.03,0.001578,201905221428.951996,201905221428.951996
2019-05-22 14:29:00,000048.SZ,19.04,19.04,19.04,19.04,5000,95200,0,0,201905221429.951996,201905221429.951996
2019-05-22 14:30:00,000048.SZ,NaN,NaN,NaN,NaN,0,0,0,0,197001010000,197001010000
2019-05-22 14:31:00,000048.SZ,NaN,NaN,NaN,NaN,0,0,0,0,197001010000,197001010000
2019-05-22 14:32:00,000048.SZ,NaN,NaN,NaN,NaN,0,0,0,0,197001010000,197001010000
2019-05-22 14:33:00,000048.SZ,NaN,NaN,NaN,NaN,0,0,0,0,197001010000,197001010000
2019-05-22 14:34:00,000048.SZ,NaN,NaN,NaN,NaN,0,0,0,0,197001010000,197001010000
2019-05-22 14:35:00,000048.SZ,NaN,NaN,NaN,NaN,0,0,0,0,197001010000,197001010000
2019-05-22 14:36:00,000048.SZ,18.96,18.96,18.96,18.96,300,5688,-0.08,-0.004202,201905221436.951996,201905221436.951996
2019-05-22 14:37:00,000048.SZ,18.96,18.96,18.96,18.96,600,11376,0,0,201905221437.951996,201905221437.951996
2019-05-22 14:38:00,000048.SZ,NaN,NaN,NaN,NaN,0,0,0,0,197001010000,197001010000
2019-05-22 14:39:00,000048.SZ,19.04,19.04,19.04,19.04,1600,30464,0.08,0.004219,201905221439.951996,201905221439.951996
2019-05-22 14:40:00,000048.SZ,19,19,19,19,1000,19000,-0.04,-0.002101,201905221440.951996,201905221440.951996
2019-05-22 14:41:00,000048.SZ,19,19,19,19,600,11400,0,0,201905221441.951996,201905221441.951996
2019-05-22 14:42:00,000048.SZ,NaN,NaN,NaN,NaN,0,0,0,0,197001010000,197001010000
2019-05-22 14:43:00,000048.SZ,19.04,19.04,19.04,19.04,600,11424,0.04,0.002105,201905221443.951996,201905221443.951996
2019-05-22 14:44:00,000048.SZ,19,19,19,19,1200,22805,-0.04,-0.002101,201905221444.951996,201905221444.951996
2019-05-22 14:45:00,000048.SZ,19.01,19.01,19.01,19.01,1300,24731,0.01,0.000526,201905221445.951996,201905221445.951996
2019-05-22 14:46:00,000048.SZ,NaN,NaN,NaN,NaN,0,0,0,0,197001010000,197001010000
2019-05-22 14:47:00,000048.SZ,NaN,NaN,NaN,NaN,0,0,0,0,197001010000,197001010000
2019-05-22 14:48:00,000048.SZ,19.01,19.01,19,19,3900,74105,-0.01,-0.000526,201905221448.951996,201905221448.951996
2019-05-22 14:49:00,000048.SZ,19.01,19.01,19.01,19.01,200,3802,0.01,0.000526,201905221449.951996,201905221449.951996
2019-05-22 14:50:00,000048.SZ,NaN,NaN,NaN,NaN,0,0,0,0,197001010000,197001010000
2019-05-22 14:51:00,000048.SZ,19,19,19,19,1500,28500,-0.01,-0.000526,201905221451.951996,201905221451.951996
2019-05-22 14:52:00,000048.SZ,19,19,19,19,400,7600,0,0,201905221452.951996,201905221452.951996
2019-05-22 14:53:00,000048.SZ,19,19,19,19,1500,28500,0,0,201905221453.951996,201905221453.951996
2019-05-22 14:54:00,000048.SZ,NaN,NaN,NaN,NaN,0,0,0,0,197001010000,197001010000
2019-05-22 14:55:00,000048.SZ,19,19,19,19,600,11400,0,0,201905221455.951996,201905221455.951996
2019-05-22 14:56:00,000048.SZ,18.97,18.97,18.97,18.97,600,11382,-0.03,-0.001579,201905221456.951996,201905221456.951996
2019-05-22 14:57:00,000048.SZ,NaN,NaN,NaN,NaN,0,0,0,0,197001010000,197001010000
2019-05-22 14:58:00,000048.SZ,NaN,NaN,NaN,NaN,0,0,0,0,197001010000,197001010000
2019-05-22 14:59:00,000048.SZ,NaN,NaN,NaN,NaN,0,0,0,0,197001010000,197001010000
2019-05-22 15:00:00,000048.SZ,19,19,19,19,200,3800,0.03,0.001581,201905221500.951996,201905221500.951996
2019-05-23 09:30:00,000048.SZ,NaN,NaN,NaN,NaN,0,0,0,0,197001010000,197001010000
2019-05-23 09:31:00,000048.SZ,18.91,19.05,18.91,19.05,200,3796,0.05,0.002632,201905230931.951996,201905230931.951996
2019-05-23 09:32:00,000048.SZ,NaN,NaN,NaN,NaN,0,0,0,0,197001010000,197001010000
2019-05-23 09:33:00,000048.SZ,18.91,18.91,18.91,18.91,1300,24583,-0.14,-0.007349,201905230933.951996,201905230933.951996
2019-05-23 09:34:00,000048.SZ,NaN,NaN,NaN,NaN,0,0,0,0,197001010000,197001010000
2019-05-23 09:35:00,000048.SZ,18.91,18.91,18.91,18.91,200,3782,0,0,201905230935.951996,201905230935.951996
2019-05-23 09:36:00,000048.SZ,18.95,19.04,18.95,19.04,5600,106210,0.13,0.006875,201905230936.951996,201905230936.951996
2019-05-23 09:37:00,000048.SZ,NaN,NaN,NaN,NaN,0,0,0,0,197001010000,197001010000
2019-05-23 09:38:00,000048.SZ,NaN,NaN,NaN,NaN,0,0,0,0,197001010000,197001010000
2019-05-23 09:39:00,000048.SZ,NaN,NaN,NaN,NaN,0,0,0,0,197001010000,197001010000
2019-05-23 09:40:00,000048.SZ,NaN,NaN,NaN,NaN,0,0,0,0,197001010000,197001010000
2019-05-23 09:41:00,000048.SZ,18.95,18.95,18.95,18.95,600,11374,-0.09,-0.004727,201905230941.951996,201905230941.951996
2019-05-23 09:42:00,000048.SZ,18.95,18.95,18.95,18.95,700,13265,0,0,201905230942.951996,201905230942.951996
2019-05-23 09:43:00,000048.SZ,NaN,NaN,NaN,NaN,0,0,0,0,197001010000,197001010000
2019-05-23 09:44:00,000048.SZ,18.95,18.95,18.9,18.9,1200,22715,-0.05,-0.002638,201905230944.951996,201905230944.951996
2019-05-23 09:45:00,000048.SZ,18.9,18.9,18.85,18.85,1100,20775,-0.05,-0.002645,201905230945.951996,201905230945.951996
2019-05-23 09:46:00,000048.SZ,18.9,18.9,18.9,18.9,1200,22680,0.05,0.002652,201905230946.951996,201905230946.951996
2019-05-23 09:47:00,000048.SZ,18.95,18.95,18.95,18.95,800,15160,0.05,0.002645,201905230947.951996,201905230947.951996
2019-05-23 09:48:00,000048.SZ,NaN,NaN,NaN,NaN,0,0,0,0,197001010000,197001010000
2019-05-23 09:49:00,000048.SZ,NaN,NaN,NaN,NaN,0,0,0,0,197001010000,197001010000
2019-05-23 09:50:00,000048.SZ,NaN,NaN,NaN,NaN,0,0,0,0,197001010000,197001010000
2019-05-23 09:51:00,000048.SZ,18.85,18.85,18.85,18.85,600,11310,-0.1,-0.005277,201905230951.951996,201905230951.951996
2019-05-23 09:52:00,000048.SZ,18.86,18.9,18.86,18.9,3800,71700,0.05,0.002652,201905230952.951996,201905230952.951996
2019-05-23 09:53:00,000048.SZ,18.9,18.9,18.9,18.9,100,1890,0,0,201905230953.951996,201905230953.951996
2019-05-23 09:54:00,000048.SZ,NaN,NaN,NaN,NaN,0,0,0,0,197001010000,197001010000
2019-05-23 09:55:00,000048.SZ,NaN,NaN,NaN,NaN,0,0,0,0,197001010000,197001010000
2019-05-23 09:56:00,000048.SZ,18.86,18.86,18.86,18.86,2200,41492,-0.04,-0.002116,201905230956.951996,201905230956.951996
2019-05-23 09:57:00,000048.SZ,18.86,18.86,18.86,18.86,1000,18860,0,0,201905230957.951996,201905230957.951996
2019-05-23 09:58:00,000048.SZ,NaN,NaN,NaN,NaN,0,0,0,0,197001010000,197001010000
2019-05-23 09:59:00,000048.SZ,18.87,18.9,18.87,18.9,3100,58587,0.04,0.002121,201905230959.951996,201905230959.951996
2019-05-23 10:00:00,000048.SZ,18.87,18.87,18.87,18.87,100,1887,-0.03,-0.001587,201905231000.951996,201905231000.951996
2019-05-23 10:01:00,000048.SZ,18.86,18.86,18.86,18.86,100,1886,-0.01,-0.00053,201905231001.951996,201905231001.951996
2019-05-23 10:02:00,000048.SZ,18.9,18.9,18.9,18.9,4300,81270,0.04,0.002121,201905231002.951996,201905231002.951996
2019-05-23 10:03:00,000048.SZ,NaN,NaN,NaN,NaN,0,0,0,0,197001010000,197001010000
2019-05-23 10:04:00,000048.SZ,18.94,18.94,18.94,18.94,2000,37880,0.04,0.002116,201905231004.951996,201905231004.951996
2019-05-23 10:05:00,000048.SZ,NaN,NaN,NaN,NaN,0,0,0,0,197001010000,197001010000
2019-05-23 10:06:00,000048.SZ,NaN,NaN,NaN,NaN,0,0,0,0,197001010000,197001010000
2019-05-23 10:07:00,000048.SZ,NaN,NaN,NaN,NaN,0,0,0,0,197001010000,197001010000
2019-05-23 10:08:00,000048.SZ,NaN,NaN,NaN,NaN,0,0,0,0,197001010000,197001010000
2019-05-23 10:09:00,000048.SZ,NaN,NaN,NaN,NaN,0,0,0,0,197001010000,197001010000
2019-05-23 10:10:00,000048.SZ,NaN,NaN,NaN,NaN,0,0,0,0,197001010000,197001010000
2019-05-23 10:11:00,000048.SZ,18.94,18.94,18.94,18.94,1200,22728,0,0,201905231011.951996,201905231011.951996
2019-05-23 10:12:00,000048.SZ,19.02,19.02,19.02,19.02,12800,243347,0.08,0.004224,201905231012.951996,201905231012.951996
2019-05-23 10:13:00,000048.SZ,19.02,19.02,19.02,19.02,300,5706,0,0,201905231013.951996,201905231013.951996
2019-05-23 10:14:00,000048.SZ,NaN,NaN,NaN,NaN,0,0,0,0,197001010000,197001010000
2019-05-23 10:15:00,000048.SZ,19.03,19.03,19.03,19.03,400,7612,0.01,0.000526,201905231015.951996,201905231015.951996
2019-05-23 10:16:00,000048.SZ,19.03,19.03,19.03,19.03,500,9515,0,0,201905231016.951996,201905231016.951996
2019-05-23 10:17:00,000048.SZ,19.03,19.03,19.03,19.03,1100,20933,0,0,201905231017.951996,201905231017.951996
2019-05-23 10:18:00,000048.SZ,NaN,NaN,NaN,NaN,0,0,0,0,197001010000,197001010000
2019-05-23 10:19:00,000048.SZ,NaN,NaN,NaN,NaN,0,0,0,0,197001010000,197001010000
2019-05-23 10:20:00,000048.SZ,19.03,19.03,19.03,19.03,500,9515,0,0,201905231020.951996,201905231020.951996
2019-05-23 10:21:00,000048.SZ,19.03,19.03,19.03,19.03,500,9515,0,0,201905231021.951996,201905231021.951996
2019-05-23 10:22:00,000048.SZ,NaN,NaN,NaN,NaN,0,0,0,0,197001010000,197001010000
2019-05-23 10:23:00,000048.SZ,NaN,NaN,NaN,NaN,0,0,0,0,197001010000,197001010000
2019-05-23 10:24:00,000048.SZ,NaN,NaN,NaN,NaN,0,0,0,0,197001010000,197001010000
2019-05-23 10:25:00,000048.SZ,NaN,NaN,NaN,NaN,0,0,0,0,197001010000,197001010000
2019-05-23 10:26:00,000048.SZ,NaN,NaN,NaN,NaN,0,0,0,0,197001010000,197001010000
2019-05-23 10:27:00,000048.SZ,19.03,19.03,19.03,19.03,100,1903,0,0,201905231027.951996,201905231027.951996
2019-05-23 10:28:00,000048.SZ,NaN,NaN,NaN,NaN,0,0,0,0,197001010000,197001010000
2019-05-23 10:29:00,000048.SZ,NaN,NaN,NaN,NaN,0,0,0,0,197001010000,197001010000
2019-05-23 10:30:00,000048.SZ,NaN,NaN,NaN,NaN,0,0,0,0,197001010000,197001010000
2019-05-23 10:31:00,000048.SZ,19,19,19,19,100,1900,-0.03,-0.001576,201905231031.951996,201905231031.951996
2019-05-23 10:32:00,000048.SZ,18.99,18.99,18.99,18.99,1100,20889,-0.01,-0.000526,201905231032.951996,201905231032.951996
2019-05-23 10:33:00,000048.SZ,NaN,NaN,NaN,NaN,0,0,0,0,197001010000,197001010000
2019-05-23 10:34:00,000048.SZ,18.99,18.99,18.99,18.99,900,17091,0,0,201905231034.951996,201905231034.951996
2019-05-23 10:35:00,000048.SZ,18.98,18.98,18.98,18.98,2100,39858,-0.01,-0.000527,201905231035.951996,201905231035.951996
2019-05-23 10:36:00,000048.SZ,NaN,NaN,NaN,NaN,0,0,0,0,197001010000,197001010000
2019-05-23 10:37:00,000048.SZ,18.98,18.98,18.98,18.98,600,11388,0,0,201905231037.951996,201905231037.951996
2019-05-23 10:38:00,000048.SZ,19,19,19,19,900,17100,0.02,0.001054,201905231038.951996,201905231038.951996
2019-05-23 10:39:00,000048.SZ,NaN,NaN,NaN,NaN,0,0,0,0,197001010000,197001010000
2019-05-23 10:40:00,000048.SZ,NaN,NaN,NaN,NaN,0,0,0,0,197001010000,197001010000
2019-05-23 10:41:00,000048.SZ,NaN,NaN,NaN,NaN,0,0,0,0,197001010000,197001010000
2019-05-23 10:42:00,000048.SZ,NaN,NaN,NaN,NaN,0,0,0,0,197001010000,197001010000
2019-05-23 10:43:00,000048.SZ,19.02,19.02,19.02,19.02,500,9510,0.02,0.001053,201905231043.951996,201905231043.951996
2019-05-23 10:44:00,000048.SZ,19.03,19.03,19.03,19.03,600,11418,0.01,0.000526,201905231044.951996,201905231044.951996
2019-05-23 10:45:00,000048.SZ,NaN,NaN,NaN,NaN,0,0,0,0,197001010000,197001010000
2019-05-23 10:46:00,000048.SZ,NaN,NaN,NaN,NaN,0,0,0,0,197001010000,197001010000
2019-05-23 10:47:00,000048.SZ,NaN,NaN,NaN,NaN,0,0,0,0,197001010000,197001010000
2019-05-23 10:48:00,000048.SZ,NaN,NaN,NaN,NaN,0,0,0,0,197001010000,197001010000
2019-05-23 10:49:00,000048.SZ,NaN,NaN,NaN,NaN,0,0,0,0,197001010000,197001010000
2019-05-23 10:50:00,000048.SZ,NaN,NaN,NaN,NaN,0,0,0,0,197001010000,197001010000
2019-05-23 10:51:00,000048.SZ,NaN,NaN,NaN,NaN,0,0,0,0,197001010000,197001010000
2019-05-23 10:52:00,000048.SZ,NaN,NaN,NaN,NaN,0,0,0,0,197001010000,197001010000
2019-05-23 10:53:00,000048.SZ,NaN,NaN,NaN,NaN,0,0,0,0,197001010000,197001010000
2019-05-23 10:54:00,000048.SZ,NaN,NaN,NaN,NaN,0,0,0,0,197001010000,197001010000
2019-05-23 10:55:00,000048.SZ,NaN,NaN,NaN,NaN,0,0,0,0,197001010000,197001010000
2019-05-23 10:56:00,000048.SZ,NaN,NaN,NaN,NaN,0,0,0,0,197001010000,197001010000
2019-05-23 10:57:00,000048.SZ,NaN,NaN,NaN,NaN,0,0,0,0,197001010000,197001010000
2019-05-23 10:58:00,000048.SZ,NaN,NaN,NaN,NaN,0,0,0,0,197001010000,197001010000
2019-05-23 10:59:00,000048.SZ,NaN,NaN,NaN,NaN,0,0,0,0,197001010000,197001010000
2019-05-23 11:00:00,000048.SZ,19.03,19.03,19.03,19.03,400,7612,0,0,201905231100.951996,201905231100.951996
2019-05-23 11:01:00,000048.SZ,NaN,NaN,NaN,NaN,0,0,0,0,197001010000,197001010000
2019-05-23 11:02:00,000048.SZ,NaN,NaN,NaN,NaN,0,0,0,0,197001010000,197001010000
2019-05-23 11:03:00,000048.SZ,NaN,NaN,NaN,NaN,0,0,0,0,197001010000,197001010000
2019-05-23 11:04:00,000048.SZ,19.03,19.03,19.03,19.03,2500,47575,0,0,201905231104.951996,201905231104.951996
2019-05-23 11:05:00,000048.SZ,19.05,19.05,19.05,19.05,1000,19050,0.02,0.001051,201905231105.951996,201905231105.951996
2019-05-23 11:06:00,000048.SZ,NaN,NaN,NaN,NaN,0,0,0,0,197001010000,197001010000
2019-05-23 11:07:00,000048.SZ,19.02,19.02,19.02,19.02,700,13314,-0.03,-0.001575,201905231107.951996,201905231107.951996
2019-05-23 11:08:00,000048.SZ,NaN,NaN,NaN,NaN,0,0,0,0,197001010000,197001010000
2019-05-23 11:09:00,000048.SZ,NaN,NaN,NaN,NaN,0,0,0,0,197001010000,197001010000
2019-05-23 11:10:00,000048.SZ,19.05,19.05,19.05,19.05,5000,95250,0.03,0.001577,201905231110.951996,201905231110.951996
2019-05-23 11:11:00,000048.SZ,NaN,NaN,NaN,NaN,0,0,0,0,197001010000,197001010000
2019-05-23 11:12:00,000048.SZ,NaN,NaN,NaN,NaN,0,0,0,0,197001010000,197001010000
2019-05-23 11:13:00,000048.SZ,NaN,NaN,NaN,NaN,0,0,0,0,197001010000,197001010000
2019-05-23 11:14:00,000048.SZ,NaN,NaN,NaN,NaN,0,0,0,0,197001010000,197001010000
2019-05-23 11:15:00,000048.SZ,NaN,NaN,NaN,NaN,0,0,0,0,197001010000,197001010000
2019-05-23 11:16:00,000048.SZ,NaN,NaN,NaN,NaN,0,0,0,0,197001010000,197001010000
2019-05-23 11:17:00,000048.SZ,19.05,19.05,19.05,19.05,300,5715,0,0,201905231117.951996,201905231117.951996
2019-05-23 11:18:00,000048.SZ,19.05,19.05,19.05,19.05,900,17145,0,0,201905231118.951996,201905231118.951996
2019-05-23 11:19:00,000048.SZ,19.02,19.02,19.02,19.02,800,15216,-0.03,-0.001575,201905231119.951996,201905231119.951996
2019-05-23 11:20:00,000048.SZ,NaN,NaN,NaN,NaN,0,0,0,0,197001010000,197001010000
2019-05-23 11:21:00,000048.SZ,NaN,NaN,NaN,NaN,0,0,0,0,197001010000,197001010000
2019-05-23 11:22:00,000048.SZ,19.02,19.02,19.02,19.02,400,7608,0,0,201905231122.951996,201905231122.951996
2019-05-23 11:23:00,000048.SZ,NaN,NaN,NaN,NaN,0,0,0,0,197001010000,197001010000
2019-05-23 11:24:00,000048.SZ,19.02,19.02,19.02,19.02,300,5706,0,0,201905231124.951996,201905231124.951996
2019-05-23 11:25:00,000048.SZ,19.05,19.05,19.05,19.05,100,1905,0.03,0.001577,201905231125.951996,201905231125.951996
2019-05-23 11:26:00,000048.SZ,NaN,NaN,NaN,NaN,0,0,0,0,197001010000,197001010000
2019-05-23 11:27:00,000048.SZ,NaN,NaN,NaN,NaN,0,0,0,0,197001010000,197001010000
2019-05-23 11:28:00,000048.SZ,NaN,NaN,NaN,NaN,0,0,0,0,197001010000,197001010000
2019-05-23 11:29:00,000048.SZ,19,19,19,19,800,15200,-0.05,-0.002625,201905231129.951996,201905231129.951996
2019-05-23 11:30:00,000048.SZ,NaN,NaN,NaN,NaN,0,0,0,0,197001010000,197001010000
2019-05-23 13:00:00,000048.SZ,NaN,NaN,NaN,NaN,0,0,0,0,197001010000,197001010000
2019-05-23 13:01:00,000048.SZ,NaN,NaN,NaN,NaN,0,0,0,0,197001010000,197001010000
2019-05-23 13:02:00,000048.SZ,19.04,19.04,19.04,19.04,2000,38080,0.04,0.002105,201905231302.951996,201905231302.951996
2019-05-23 13:03:00,000048.SZ,NaN,NaN,NaN,NaN,0,0,0,0,197001010000,197001010000
2019-05-23 13:04:00,000048.SZ,NaN,NaN,NaN,NaN,0,0,0,0,197001010000,197001010000
2019-05-23 13:05:00,000048.SZ,NaN,NaN,NaN,NaN,0,0,0,0,197001010000,197001010000
2019-05-23 13:06:00,000048.SZ,19,19,19,19,1000,19000,-0.04,-0.002101,201905231306.951996,201905231306.951996
2019-05-23 13:07:00,000048.SZ,NaN,NaN,NaN,NaN,0,0,0,0,197001010000,197001010000
2019-05-23 13:08:00,000048.SZ,NaN,NaN,NaN,NaN,0,0,0,0,197001010000,197001010000
2019-05-23 13:09:00,000048.SZ,NaN,NaN,NaN,NaN,0,0,0,0,197001010000,197001010000
2019-05-23 13:10:00,000048.SZ,NaN,NaN,NaN,NaN,0,0,0,0,197001010000,197001010000
2019-05-23 13:11:00,000048.SZ,19,19,19,19,300,5700,0,0,201905231311.951996,201905231311.951996
2019-05-23 13:12:00,000048.SZ,NaN,NaN,NaN,NaN,0,0,0,0,197001010000,197001010000
2019-05-23 13:13:00,000048.SZ,19,19,18.98,18.98,2600,49352,-0.02,-0.001053,201905231313.951996,201905231313.951996
2019-05-23 13:14:00,000048.SZ,NaN,NaN,NaN,NaN,0,0,0,0,197001010000,197001010000
2019-05-23 13:15:00,000048.SZ,18.96,18.96,18.96,18.96,300,5688,-0.02,-0.001054,201905231315.951996,201905231315.951996
2019-05-23 13:16:00,000048.SZ,NaN,NaN,NaN,NaN,0,0,0,0,197001010000,197001010000
2019-05-23 13:17:00,000048.SZ,18.96,18.96,18.96,18.96,2500,47400,0,0,201905231317.951996,201905231317.951996
2019-05-23 13:18:00,000048.SZ,NaN,NaN,NaN,NaN,0,0,0,0,197001010000,197001010000
2019-05-23 13:19:00,000048.SZ,NaN,NaN,NaN,NaN,0,0,0,0,197001010000,197001010000
2019-05-23 13:20:00,000048.SZ,NaN,NaN,NaN,NaN,0,0,0,0,197001010000,197001010000
2019-05-23 13:21:00,000048.SZ,19.05,19.05,19.05,19.05,400,7618,0.09,0.004747,201905231321.951996,201905231321.951996
2019-05-23 13:22:00,000048.SZ,NaN,NaN,NaN,NaN,0,0,0,0,197001010000,197001010000
2019-05-23 13:23:00,000048.SZ,NaN,NaN,NaN,NaN,0,0,0,0,197001010000,197001010000
2019-05-23 13:24:00,000048.SZ,NaN,NaN,NaN,NaN,0,0,0,0,197001010000,197001010000
2019-05-23 13:25:00,000048.SZ,19,19,18.96,18.96,600,11384,-0.09,-0.004724,201905231325.951996,201905231325.951996
2019-05-23 13:26:00,000048.SZ,18.95,18.95,18.95,18.95,3200,60640,-0.01,-0.000527,201905231326.951996,201905231326.951996
2019-05-23 13:27:00,000048.SZ,18.95,18.95,18.95,18.95,1000,18950,0,0,201905231327.951996,201905231327.951996
2019-05-23 13:28:00,000048.SZ,NaN,NaN,NaN,NaN,0,0,0,0,197001010000,197001010000
2019-05-23 13:29:00,000048.SZ,NaN,NaN,NaN,NaN,0,0,0,0,197001010000,197001010000
2019-05-23 13:30:00,000048.SZ,NaN,NaN,NaN,NaN,0,0,0,0,197001010000,197001010000
2019-05-23 13:31:00,000048.SZ,NaN,NaN,NaN,NaN,0,0,0,0,197001010000,197001010000
2019-05-23 13:32:00,000048.SZ,NaN,NaN,NaN,NaN,0,0,0,0,197001010000,197001010000
2019-05-23 13:33:00,000048.SZ,18.95,18.95,18.95,18.95,1300,24640,0,0,201905231333.951996,201905231333.951996
2019-05-23 13:34:00,000048.SZ,NaN,NaN,NaN,NaN,0,0,0,0,197001010000,197001010000
2019-05-23 13:35:00,000048.SZ,NaN,NaN,NaN,NaN,0,0,0,0,197001010000,197001010000
2019-05-23 13:36:00,000048.SZ,NaN,NaN,NaN,NaN,0,0,0,0,197001010000,197001010000
2019-05-23 13:37:00,000048.SZ,NaN,NaN,NaN,NaN,0,0,0,0,197001010000,197001010000
2019-05-23 13:38:00,000048.SZ,18.95,18.95,18.95,18.95,1500,28425,0,0,201905231338.951996,201905231338.951996
2019-05-23 13:39:00,000048.SZ,NaN,NaN,NaN,NaN,0,0,0,0,197001010000,197001010000
2019-05-23 13:40:00,000048.SZ,NaN,NaN,NaN,NaN,0,0,0,0,197001010000,197001010000
2019-05-23 13:41:00,000048.SZ,NaN,NaN,NaN,NaN,0,0,0,0,197001010000,197001010000
2019-05-23 13:42:00,000048.SZ,NaN,NaN,NaN,NaN,0,0,0,0,197001010000,197001010000
2019-05-23 13:43:00,000048.SZ,NaN,NaN,NaN,NaN,0,0,0,0,197001010000,197001010000
2019-05-23 13:44:00,000048.SZ,NaN,NaN,NaN,NaN,0,0,0,0,197001010000,197001010000
2019-05-23 13:45:00,000048.SZ,NaN,NaN,NaN,NaN,0,0,0,0,197001010000,197001010000
2019-05-23 13:46:00,000048.SZ,NaN,NaN,NaN,NaN,0,0,0,0,197001010000,197001010000
2019-05-23 13:47:00,000048.SZ,NaN,NaN,NaN,NaN,0,0,0,0,197001010000,197001010000
2019-05-23 13:48:00,000048.SZ,NaN,NaN,NaN,NaN,0,0,0,0,197001010000,197001010000
2019-05-23 13:49:00,000048.SZ,19.04,19.04,19.04,19.04,400,7616,0.09,0.004749,201905231349.951996,201905231349.951996
2019-05-23 13:50:00,000048.SZ,NaN,NaN,NaN,NaN,0,0,0,0,197001010000,197001010000
2019-05-23 13:51:00,000048.SZ,NaN,NaN,NaN,NaN,0,0,0,0,197001010000,197001010000
2019-05-23 13:52:00,000048.SZ,NaN,NaN,NaN,NaN,0,0,0,0,197001010000,197001010000
2019-05-23 13:53:00,000048.SZ,NaN,NaN,NaN,NaN,0,0,0,0,197001010000,197001010000
2019-05-23 13:54:00,000048.SZ,NaN,NaN,NaN,NaN,0,0,0,0,197001010000,197001010000
2019-05-23 13:55:00,000048.SZ,NaN,NaN,NaN,NaN,0,0,0,0,197001010000,197001010000
2019-05-23 13:56:00,000048.SZ,NaN,NaN,NaN,NaN,0,0,0,0,197001010000,197001010000
2019-05-23 13:57:00,000048.SZ,18.96,18.96,18.96,18.96,100,1896,-0.08,-0.004202,201905231357.951996,201905231357.951996
2019-05-23 13:58:00,000048.SZ,NaN,NaN,NaN,NaN,0,0,0,0,197001010000,197001010000
2019-05-23 13:59:00,000048.SZ,18.95,18.95,18.95,18.95,1700,32215,-0.01,-0.000527,201905231359.951996,201905231359.951996
2019-05-23 14:00:00,000048.SZ,NaN,NaN,NaN,NaN,0,0,0,0,197001010000,197001010000
2019-05-23 14:01:00,000048.SZ,18.95,18.95,18.95,18.95,700,13265,0,0,201905231401.951996,201905231401.951996
2019-05-23 14:02:00,000048.SZ,18.95,18.95,18.95,18.95,7600,144020,0,0,201905231402.951996,201905231402.951996
2019-05-23 14:03:00,000048.SZ,NaN,NaN,NaN,NaN,0,0,0,0,197001010000,197001010000
2019-05-23 14:04:00,000048.SZ,NaN,NaN,NaN,NaN,0,0,0,0,197001010000,197001010000
2019-05-23 14:05:00,000048.SZ,18.95,18.95,18.95,18.95,1100,20845,0,0,201905231405.951996,201905231405.951996
2019-05-23 14:06:00,000048.SZ,NaN,NaN,NaN,NaN,0,0,0,0,197001010000,197001010000
2019-05-23 14:07:00,000048.SZ,18.95,18.95,18.95,18.95,1000,18950,0,0,201905231407.951996,201905231407.951996
2019-05-23 14:08:00,000048.SZ,NaN,NaN,NaN,NaN,0,0,0,0,197001010000,197001010000
2019-05-23 14:09:00,000048.SZ,NaN,NaN,NaN,NaN,0,0,0,0,197001010000,197001010000
2019-05-23 14:10:00,000048.SZ,NaN,NaN,NaN,NaN,0,0,0,0,197001010000,197001010000
2019-05-23 14:11:00,000048.SZ,18.95,18.95,18.95,18.95,1400,26530,0,0,201905231411.951996,201905231411.951996
2019-05-23 14:12:00,000048.SZ,18.98,18.98,18.98,18.98,100,1898,0.03,0.001583,201905231412.951996,201905231412.951996
2019-05-23 14:13:00,000048.SZ,NaN,NaN,NaN,NaN,0,0,0,0,197001010000,197001010000
2019-05-23 14:14:00,000048.SZ,NaN,NaN,NaN,NaN,0,0,0,0,197001010000,197001010000
2019-05-23 14:15:00,000048.SZ,18.98,18.98,18.98,18.98,100,1898,0,0,201905231415.951996,201905231415.951996
2019-05-23 14:16:00,000048.SZ,18.98,18.98,18.98,18.98,900,17082,0,0,201905231416.951996,201905231416.951996
2019-05-23 14:17:00,000048.SZ,NaN,NaN,NaN,NaN,0,0,0,0,197001010000,197001010000
2019-05-23 14:18:00,000048.SZ,NaN,NaN,NaN,NaN,0,0,0,0,197001010000,197001010000
2019-05-23 14:19:00,000048.SZ,NaN,NaN,NaN,NaN,0,0,0,0,197001010000,197001010000
2019-05-23 14:20:00,000048.SZ,18.92,18.92,18.92,18.92,266,5032,-0.06,-0.003161,201905231420.951996,201905231420.951996
2019-05-23 14:21:00,000048.SZ,NaN,NaN,NaN,NaN,0,0,0,0,197001010000,197001010000
2019-05-23 14:22:00,000048.SZ,NaN,NaN,NaN,NaN,0,0,0,0,197001010000,197001010000
2019-05-23 14:23:00,000048.SZ,NaN,NaN,NaN,NaN,0,0,0,0,197001010000,197001010000
2019-05-23 14:24:00,000048.SZ,18.92,18.92,18.92,18.92,300,5676,0,0,201905231424.951996,201905231424.951996
2019-05-23 14:25:00,000048.SZ,NaN,NaN,NaN,NaN,0,0,0,0,197001010000,197001010000
2019-05-23 14:26:00,000048.SZ,18.98,18.98,18.98,18.98,1400,26572,0.06,0.003171,201905231426.951996,201905231426.951996
2019-05-23 14:27:00,000048.SZ,NaN,NaN,NaN,NaN,0,0,0,0,197001010000,197001010000
2019-05-23 14:28:00,000048.SZ,NaN,NaN,NaN,NaN,0,0,0,0,197001010000,197001010000
2019-05-23 14:29:00,000048.SZ,NaN,NaN,NaN,NaN,0,0,0,0,197001010000,197001010000
2019-05-23 14:30:00,000048.SZ,NaN,NaN,NaN,NaN,0,0,0,0,197001010000,197001010000
2019-05-23 14:31:00,000048.SZ,NaN,NaN,NaN,NaN,0,0,0,0,197001010000,197001010000
2019-05-23 14:32:00,000048.SZ,18.9,18.9,18.9,18.9,4000,75601,-0.08,-0.004215,201905231432.951996,201905231432.951996
2019-05-23 14:33:00,000048.SZ,NaN,NaN,NaN,NaN,0,0,0,0,197001010000,197001010000
2019-05-23 14:34:00,000048.SZ,NaN,NaN,NaN,NaN,0,0,0,0,197001010000,197001010000
2019-05-23 14:35:00,000048.SZ,NaN,NaN,NaN,NaN,0,0,0,0,197001010000,197001010000
2019-05-23 14:36:00,000048.SZ,18.88,18.88,18.88,18.88,2834,53517,-0.02,-0.001058,201905231436.951996,201905231436.951996
2019-05-23 14:37:00,000048.SZ,18.88,18.88,18.88,18.88,1166,22014,0,0,201905231437.951996,201905231437.951996
2019-05-23 14:38:00,000048.SZ,18.88,18.88,18.88,18.88,10600,200128,0,0,201905231438.951996,201905231438.951996
2019-05-23 14:39:00,000048.SZ,18.88,18.88,18.88,18.88,734,13858,0,0,201905231439.951996,201905231439.951996
2019-05-23 14:40:00,000048.SZ,18.86,18.86,18.85,18.85,15900,299879,-0.03,-0.001589,201905231440.951996,201905231440.951996
2019-05-23 14:41:00,000048.SZ,NaN,NaN,NaN,NaN,0,0,0,0,197001010000,197001010000
2019-05-23 14:42:00,000048.SZ,18.84,18.84,18.84,18.84,200,3768,-0.01,-0.000531,201905231442.951996,201905231442.951996
2019-05-23 14:43:00,000048.SZ,18.82,18.82,18.82,18.82,300,5646,-0.02,-0.001062,201905231443.951996,201905231443.951996
2019-05-23 14:44:00,000048.SZ,18.85,18.85,18.85,18.85,500,9425,0.03,0.001594,201905231444.951996,201905231444.951996
2019-05-23 14:45:00,000048.SZ,18.82,18.82,18.82,18.82,4000,75295,-0.03,-0.001592,201905231445.951996,201905231445.951996
2019-05-23 14:46:00,000048.SZ,18.86,18.86,18.86,18.86,4600,86756,0.04,0.002125,201905231446.951996,201905231446.951996
2019-05-23 14:47:00,000048.SZ,NaN,NaN,NaN,NaN,0,0,0,0,197001010000,197001010000
2019-05-23 14:48:00,000048.SZ,18.86,18.86,18.86,18.86,1900,35834,0,0,201905231448.951996,201905231448.951996
2019-05-23 14:49:00,000048.SZ,18.88,18.88,18.88,18.88,1200,22656,0.02,0.001061,201905231449.951996,201905231449.951996
2019-05-23 14:50:00,000048.SZ,18.88,18.88,18.88,18.88,100,1888,0,0,201905231450.951996,201905231450.951996
2019-05-23 14:51:00,000048.SZ,18.82,18.93,18.82,18.85,2900,54666,-0.03,-0.001589,201905231451.951996,201905231451.951996
2019-05-23 14:52:00,000048.SZ,NaN,NaN,NaN,NaN,0,0,0,0,197001010000,197001010000
2019-05-23 14:53:00,000048.SZ,NaN,NaN,NaN,NaN,0,0,0,0,197001010000,197001010000
2019-05-23 14:54:00,000048.SZ,18.83,18.83,18.83,18.83,500,9415,-0.02,-0.001061,201905231454.951996,201905231454.951996
2019-05-23 14:55:00,000048.SZ,18.85,18.85,18.83,18.83,2200,41446,0,0,201905231455.951996,201905231455.951996
2019-05-23 14:56:00,000048.SZ,18.82,18.83,18.82,18.82,7500,141170,-0.01,-0.000531,201905231456.951996,201905231456.951996
2019-05-23 14:57:00,000048.SZ,NaN,NaN,NaN,NaN,0,0,0,0,197001010000,197001010000
2019-05-23 14:58:00,000048.SZ,NaN,NaN,NaN,NaN,0,0,0,0,197001010000,197001010000
2019-05-23 14:59:00,000048.SZ,NaN,NaN,NaN,NaN,0,0,0,0,197001010000,197001010000
2019-05-23 15:00:00,000048.SZ,18.82,18.82,18.82,18.82,200,3764,0,0,201905231500.951996,201905231500.951996
